#,Item,Affiliate Link
1,"T-H Marine Gas/Oil Mixing Bottle – 2-Stroke Engine Fuel Ratio Measuring Bottle – 25 oz Capacity – Easy Read Guidelines – Large No-Mess Opening – Portable Backup Oil Container",https://amzn.to/477KsSE
2,"Insta360 X5 8K 360 Waterproof Action Camera | 1/1.28"" Sensors, Replaceable Lenses, PureVideo AI, 185-Min Battery Life (CINSAAHA_X501) + Invisible Selfie Stick + 50-in-1 Accessory Kit + More",https://amzn.to/4AgbhS2
3,"100% HYDROMATIC Waterproof Motocross Gloves - MX & Power Sport Racing Protective Gear",https://amzn.to/4xUY8MI
4,"EVS R3 Race Collar, Neck Support Motocross/Off-Road, Impact Foam",https://amzn.to/4cOfdj5
5,"Insta360 Floating Hand Grip, Buoyant Mount with Non-Slip Handle, Compatible Ace, Ace Pro, Ace Pro 2, GO 3, GO 3S, GO Ultra, X2, X3, X4, X5 Action Cameras, Black & Orange",https://amzn.to/46qobiX
6,"2pcs Stand Up Paddle Board Rail Surfboard Edge Protection Tape, 2.5''x74'' | SUP Board Rail Guard Tape",https://amzn.to/3SOGAmn
7,"Ryobi P750 One+ 18V Hybrid Lithium Ion Battery or 120V AC Powered Portable Potable Water Transfer Pump (Battery Not Included, Tool Only)",https://amzn.to/3UT5Us0
8,"ILM Adult Dirt Bike Helmet DOT Approved, Full Face Motocross ATV Set WS901 (5-Pc Kit)",https://amzn.to/3VzWdid
9,"Rareelectrical Carburetor Pop-Off Pressure Tester Leak Detector Tool | Mikuni Keihin BN SBN CDK 34 38 44 46mm",https://amzn.to/4gX4i98
10,"Mikuni Pop Off Pump Gauge - 100PSI MK-BN PMP-100",https://amzn.to/4dHko4x
11,"Innova 3340 Professional Automotive Digital Multimeter, Black",https://amzn.to/4y02xOF
12,"Motion Pro 08-0182 Cable Luber",https://amzn.to/3STDwFz
13,"Feeler Gauges - 32 Blades Feeler Gauge Set Stainless Steel Dual Marked Metric and Standard SAE",https://amzn.to/4yaE1KD
14,"URREA Drift Punch Set - 7-Piece (3/32""-3/4"" Tip Size) Extra Long Tapered Pin Punch Kit with Drop Forged Construction & Tool Roll",https://amzn.to/4hxUQJu
15,"Wagner Spraytech HT1000 Dual-Temperature Heat Gun, low 750°F, high 1000°F",https://amzn.to/4hgF44z
16,"Knipex 00 20 01 V02 Circlip Snap-Ring Pliers Set (6 Piece)",https://amzn.to/46vvKEZ
17,"TEKTON 41 mm Combination Wrench | WCB24041",https://amzn.to/474DOg2
18,"TEKTON 8 mm x 10 mm 45-Degree Offset Box End Wrench | WBE24308",https://amzn.to/4hA2QJ5
19,"JENLEY Ratchet Socket Wrench Set 1/4 Inch Drive, Mechanic Tool Kit with 4mm-13mm Metric Sockets, 12-Pieces",https://amzn.to/4rhWRg7
20,"Capri Tools 1/4 in. Drive Mini Torque Wrench Set, 3-16 Nm",https://amzn.to/4h0qUFW
21,"Torx Screwdriver Set Long 4 Inch 11 PCS T6-T40 Magnetic Torx Security Screwdriver Bits Set",https://amzn.to/4xyMwhE
22,"TEKTON Ball End Hex Key Wrench Set, 26-Piece (3/64-3/8 in., 1.27-10 mm) | 25282",https://amzn.to/46vgIis
23,"Dielectric Silicone Grease with Battery Terminal Post Washers - Waterproof and Non-Conductive Lubricant, 4oz Brush Top Can",https://amzn.to/4xVquq5
24,"Ultra Duster Compressed Air Cleaner for Electronics, 10 oz., 6-Pack",https://amzn.to/4AdoJX7
25,"Gumout 800002231 Carb/Choke Carburetor Cleaner Spray, 14Oz",https://amzn.to/4cLsWXY
26,"Wurth Rust-Off Spray Rust Remover 10.1 oz",https://amzn.to/4izAcKc
27,"Permatex 80070 Silicone Spray Lubricant, 10.25 oz. net Aerosol Can",https://amzn.to/4izoNtI
28,"WD-40 10032 Multi-Use Lubricant Spray with Smart Straw, 12 oz Capacity (Pack of 12)",https://amzn.to/4dFrEhi
29,"GT-85 Aerosol Lube, 14-Ounce",https://amzn.to/4iyC99J
30,"Vaseline 100% Pure Petroleum Jelly, 1.75 Oz / 49 Gr Jars (Pack of 3)",https://amzn.to/4AnBONy
31,"3.38 oz Marine Grease Tube, Premium Marine Grade Grease, Waterproof High Temp (0°F-500°F)",https://amzn.to/4xTCEzQ
32,"J-B Weld 8272 MarineWeld Marine Epoxy - 2 oz.",https://amzn.to/4xsNqvS
33,"Rectorseal PTFE Tape 35949 Pipe Thread Sealant, Pure PTFE, Plumbing, 1""x520""",https://amzn.to/4xuwgy0
34,"3M Marine Grade Silicone Sealant, Clear, 3 oz Tube",https://amzn.to/4rjHELI
35,"Genuine Henkel Loctite 620 x 50ml Retaining Compound, High Temperature, Green Color",https://amzn.to/4xvRgV0
36,"Loctite 1329467 243 Blue Medium Strength Threadlockers, 1.69 Ounces, 50 mL, 3/4"" Thread",https://amzn.to/4hgMh4x
37,"Inox MX3 Small 100g",https://amzn.to/4xTCGrs
38,"Rhino USA Ratchet Straps Tie Downs (4-Pack) - 1in x 15ft with S Hooks",https://amzn.to/3VkzYNf
39,"PATIKIL Expanded Polyethylene Foam Edge Protector 2.2x2.2x2.2 Inch Shockproof Corner Guard (20pcs)",https://amzn.to/4xTCHf0
40,"PofA Plastic Stretch Wrap Film Roll, 18"" Clear 1200 Feet 80 Gauge (20 Micron)",https://amzn.to/4j8QrOr
41,"Duck Brand Large Bubble Wrap Roll, 5/16"" x 12"" x 100'",https://amzn.to/4hg7ZFW
42,"High Pressure Hose Nozzle, Quick Connect Car Wash Spray Nozzle Set",https://amzn.to/47118eD
43,"JJ CARE Chamois Cloth (4 PCS), Super Absorbent Car Drying Towel, Yellow",https://amzn.to/3SOGATp
44,"Mothers Genuine Lambswool Wash Mitt",https://amzn.to/4gZ4Dbw
45,"Chemical Guys CWS_102 Wash and Wax Car Shampoo with Gloss (1 Gal)",https://amzn.to/4rlCj6K
46,"Pro-Lite Bodyboard Coil Wrist Surf Leash 5.5mm Thick Cord with Plug",https://amzn.to/3TyHALC
47,"Xcel Men's Comp Full Wetsuit 3/2mm",https://amzn.to/4rj9BmW
48,"Hyperlite Indy CGA Wakeboard Vest Mens Sz L Black/Red",https://amzn.to/3Vzfroa
49,"ZUP Water Sports Cushioned Low Profile Safety Helmet (Kayaking/Wakeboarding/Waterskiing)",https://amzn.to/4rkedcz
50,"KATUMO Siphon Pump, Hand Siphon Hose Fuel Transfer Pump for Gas Oil Water",https://amzn.to/3Tf8FTZ
51,"TEC Products FlexAll Short Neck Oil Funnel with Hose, Large (11in x 5.7in)",https://amzn.to/4h0qVK0
52,"STAR BRITE Super Premium+ 2-Cycle Synthetic Blend TC-W3 Engine Oil",https://amzn.to/4yBwUuu
53,"1.0L 2-Stroke Oil Mixing Bottle with 25:1 and 50:1 Ratio Scales",https://amzn.to/4rgEFnb
54,"Wavian USA Authentic NATO Jerry Can and Spout System, 20 Litre / 5 Gallon",https://amzn.to/4reE6dL
55,"Foelony Air Intake Filter Sock Cover, Waterproof Dustproof High-Flow Cold Air Intake Filter (Big)",https://amzn.to/4reGfG2
56,"Motorex Intact Mx 50 Metal Protectant & Rust Remover Aerosol, 500ml",https://amzn.to/4gX5OIr
57,"4x NGK BPR7HS Spark Plugs (6422) (NGK6422X4)",https://amzn.to/3STDxt7
58,"Motorex Cross Power 2T 100% Synthetic - 1 Liter",https://amzn.to/4yFoC4G
59,"NGK Resistor Sparkplug BPR7HS for Polaris SPORTSMAN 90 2001-2006",https://amzn.to/4h0qUWs
60,"EVS R2 Race Collar, Neck Support Karting/Motocross/Off-Road, Impact Foam",https://amzn.to/4xybPQP
61,"100PCS Nylon Universal Cable Tie Buckle, Zip Ties Heavy Duty with Pin & Button Design",https://amzn.to/4yGXlPq
62,"ILM Adult Dirt Bike Helmet DOT Approved, Full Face Motocross ATV Set WS901 (duplicate listing)",https://amzn.to/3URFWVP
63,"SciWil 390Pcs Small Compression Springs Kit, 28 Sizes Assorted",https://amzn.to/4y3R4xw
64,"WISEUP 4mm T-Handle Allen Wrench Set Metric, CR-V Heavy Duty Hex Key Set with Long Arm",https://amzn.to/4gVygdI
65,"Jetech 21mm Industrial Grade Combination Wrench, Chrome Vanadium Steel",https://amzn.to/4rmVGwg
66,"Milescraft 1314 Drill Pump 750 - Self Priming Water Pump Attachment for Drills",https://amzn.to/4y1GR4I
67,"Anykit Endoscope Camera with Light, 1920P HD Borescope, 16.5ft Single Lens",https://amzn.to/3TyHB28
68,"Abahub Surfboard Leash, 6/7/8/9/10 ft Straight Legrope Strap for Boards",https://amzn.to/4gYKhPF
69,"MECCANIXITY 20pcs M4 x 25mm Knurled Thumb Screws, Black Steel Flat Head Thumb Screws",https://amzn.to/4rj9CHw
